{"noise_pct_10": {"accuracy": {"mean": 0.8939999999999999, "std": 1.1102230246251565e-16, "std_err": 3.510833468576701e-17, "raw": [0.894, 0.894, 0.894, 0.894, 0.894, 0.894, 0.894, 0.894, 0.894, 0.894]}}, "noise_pct_20": {"accuracy": {"mean": 0.845, "std": 0.0, "std_err": 0.0, "raw": [0.845, 0.845, 0.845, 0.845, 0.845, 0.845, 0.845, 0.845, 0.845, 0.845]}}, "noise_pct_30": {"accuracy": {"mean": 0.7910000000000001, "std": 1.1102230246251565e-16, "std_err": 3.510833468576701e-17, "raw": [0.791, 0.791, 0.791, 0.791, 0.791, 0.791, 0.791, 0.791, 0.791, 0.791]}}, "noise_pct_40": {"accuracy": {"mean": 0.742, "std": 0.0, "std_err": 0.0, "raw": [0.742, 0.742, 0.742, 0.742, 0.742, 0.742, 0.742, 0.742, 0.742, 0.742]}}, "noise_pct_50": {"accuracy": {"mean": 0.7089999999999999, "std": 1.1102230246251565e-16, "std_err": 3.510833468576701e-17, "raw": [0.709, 0.709, 0.709, 0.709, 0.709, 0.709, 0.709, 0.709, 0.709, 0.709]}}, "noise_pct_60": {"accuracy": {"mean": 0.668, "std": 0.0, "std_err": 0.0, "raw": [0.668, 0.668, 0.668, 0.668, 0.668, 0.668, 0.668, 0.668, 0.668, 0.668]}}, "noise_pct_70": {"accuracy": {"mean": 0.6260000000000001, "std": 1.1102230246251565e-16, "std_err": 3.510833468576701e-17, "raw": [0.626, 0.626, 0.626, 0.626, 0.626, 0.626, 0.626, 0.626, 0.626, 0.626]}}, "noise_pct_80": {"accuracy": {"mean": 1.0, "std": 0.0, "std_err": 0.0, "raw": [1.0, 1.0, 1.0, 1.0, 1.0]}, "interpretability": {"num_rules": {"mean": 4.0, "std": 0.0, "std_err": 0.0, "raw": [4, 4, 4, 4, 4]}, "num_predicates": {"mean": 4.0, "std": 0.0, "std_err": 0.0, "raw": [4, 4, 4, 4, 4]}}, "learning_time": {"mean": 125.461070728302, "std": 1.0227044530161544, "std_err": 0.5113522265080772, "raw": [124.83929586410522, 125.25072884559631, 127.30958914756775, 124.2951397895813, 125.61059999465942]}}, "noise_pct_90": {"accuracy": {"mean": 1.0, "std": 0.0, "std_err": 0.0, "raw": [1.0, 1.0, 1.0, 1.0, 1.0]}, "interpretability": {"num_rules": {"mean": 4.0, "std": 0.0, "std_err": 0.0, "raw": [4, 4, 4, 4, 4]}, "num_predicates": {"mean": 4.0, "std": 0.0, "std_err": 0.0, "raw": [4, 4, 4, 4, 4]}}, "learning_time": {"mean": 121.98755602836609, "std": 1.8833338397942034, "std_err": 0.9416669198971016, "raw": [120.03616452217102, 125.40349626541138, 121.91374802589417, 122.09394240379333, 120.49042892456055]}}, "noise_pct_100": {"accuracy": {"mean": 0.5336000000000001, "std": 0.06720000000000001, "std_err": 0.03360000000000001, "raw": [0.5, 0.5, 0.668, 0.5, 0.5]}, "interpretability": {"num_rules": {"mean": 1.6, "std": 0.4898979485566356, "std_err": 0.24494897427831777, "raw": [1, 2, 2, 2, 1]}, "num_predicates": {"mean": 1.6, "std": 0.4898979485566356, "std_err": 0.24494897427831777, "raw": [1, 2, 2, 2, 1]}}, "learning_time": {"mean": 120.21978359222412, "std": 2.6113038548226455, "std_err": 1.3056519274113225, "raw": [118.59767603874207, 117.12444710731506, 120.19587564468384, 124.89712572097778, 120.28379344940186]}}}
