{"noise_pct_10": {"accuracy": {"mean": 1.0, "std": 0.0, "std_err": 0.0, "raw": [1.0, 1.0, 1.0, 1.0, 1.0, 1.0, 1.0, 1.0, 1.0, 1.0]}}, "noise_pct_20": {"accuracy": {"mean": 1.0, "std": 0.0, "std_err": 0.0, "raw": [1.0, 1.0, 1.0, 1.0, 1.0, 1.0, 1.0, 1.0, 1.0, 1.0]}}, "noise_pct_30": {"accuracy": {"mean": 1.0, "std": 0.0, "std_err": 0.0, "raw": [1.0, 1.0, 1.0, 1.0, 1.0, 1.0, 1.0, 1.0, 1.0, 1.0]}}, "noise_pct_40": {"accuracy": {"mean": 1.0, "std": 0.0, "std_err": 0.0, "raw": [1.0, 1.0, 1.0, 1.0, 1.0, 1.0, 1.0, 1.0, 1.0, 1.0]}}, "noise_pct_50": {"accuracy": {"mean": 1.0, "std": 0.0, "std_err": 0.0, "raw": [1.0, 1.0, 1.0, 1.0, 1.0, 1.0, 1.0, 1.0, 1.0, 1.0]}}, "noise_pct_60": {"accuracy": {"mean": 1.0, "std": 0.0, "std_err": 0.0, "raw": [1.0, 1.0, 1.0, 1.0, 1.0, 1.0, 1.0, 1.0, 1.0, 1.0]}}, "noise_pct_70": {"accuracy": {"mean": 0.9833999999999999, "std": 0.04980000000000001, "std_err": 0.01574814274763853, "raw": [1.0, 1.0, 0.834, 1.0, 1.0, 1.0, 1.0, 1.0, 1.0, 1.0]}}, "noise_pct_80": {"accuracy": {"mean": 0.8333999999999999, "std": 0.10562215676646637, "std_err": 0.0334006586761399, "raw": [0.834, 1.0, 0.834, 0.834, 0.832, 1.0, 0.666, 0.834, 0.666, 0.834]}}, "noise_pct_90": {"accuracy": {"mean": 0.6662000000000001, "std": 0.0006000000000000006, "std_err": 0.00018973665961010295, "raw": [0.666, 0.668, 0.666, 0.666, 0.666, 0.666, 0.666, 0.666, 0.666, 0.666]}}, "noise_pct_100": {"accuracy": {"mean": 0.5, "std": 0.0, "std_err": 0.0, "raw": [0.5, 0.5, 0.5, 0.5, 0.5, 0.5, 0.5, 0.5, 0.5, 0.5]}}}