{"noise_pct_10": {"structured_test_accuracy": {"mean": 0.5875999999999999, "std": 0.01672841893306117, "std_err": 0.008364209466530584, "raw": [0.595, 0.593, 0.562, 0.611, 0.577]}, "unstructured_test_accuracy": {"mean": 0.588, "std": 0.01751570723664907, "std_err": 0.008757853618324535, "raw": [0.604, 0.596, 0.565, 0.606, 0.569]}, "unstructured_test_brier_score": {"mean": 0.4974806469678571, "std": 0.020033212517874193, "std_err": 0.010016606258937095, "raw": [0.490929, 0.4775162, 0.5266508594444443, 0.4773025753948413, 0.5150046]}, "interpretability": {"num_predicates": {"mean": 872.2, "std": 68.52269696969027, "std_err": 34.261348484845136, "raw": [939, 879, 873, 745, 925]}, "num_rules": {"mean": 96.4, "std": 2.727636339397171, "std_err": 1.3638181696985856, "raw": [96, 94, 99, 93, 100]}}, "learning_time": {"mean": 0.15542101860046387, "std": 0.0007824615465287145, "std_err": 0.00039123077326435723, "raw": [0.15466046333312988, 0.15668010711669922, 0.1549832820892334, 0.15479731559753418, 0.15598392486572266]}}, "noise_pct_20": {"structured_test_accuracy": {"mean": 0.5888000000000001, "std": 0.010721940122944177, "std_err": 0.005360970061472088, "raw": [0.6, 0.581, 0.576, 0.603, 0.584]}, "unstructured_test_accuracy": {"mean": 0.593, "std": 0.013957077057894333, "std_err": 0.006978538528947167, "raw": [0.609, 0.594, 0.573, 0.607, 0.582]}, "unstructured_test_brier_score": {"mean": 0.49257954663061215, "std": 0.01638966866034199, "std_err": 0.008194834330170995, "raw": [0.4823218108333333, 0.477054, 0.5111076036111112, 0.4784979187086168, 0.5139163999999999]}, "interpretability": {"num_predicates": {"mean": 923.0, "std": 76.01841882070424, "std_err": 38.00920941035212, "raw": [974, 837, 958, 829, 1017]}, "num_rules": {"mean": 99.6, "std": 6.858571279792899, "std_err": 3.4292856398964493, "raw": [93, 95, 111, 95, 104]}}, "learning_time": {"mean": 0.15363636016845703, "std": 0.0010914364098091366, "std_err": 0.0005457182049045683, "raw": [0.15397143363952637, 0.15533733367919922, 0.15207719802856445, 0.15294742584228516, 0.15384840965270996]}}, "noise_pct_30": {"structured_test_accuracy": {"mean": 0.5755999999999999, "std": 0.014513442045221401, "std_err": 0.0072567210226107005, "raw": [0.578, 0.566, 0.565, 0.603, 0.566]}, "unstructured_test_accuracy": {"mean": 0.5815999999999999, "std": 0.018194504664870638, "std_err": 0.009097252332435317, "raw": [0.588, 0.595, 0.553, 0.603, 0.569]}, "unstructured_test_brier_score": {"mean": 0.5062346987975624, "std": 0.01694959073059611, "std_err": 0.008474795365298054, "raw": [0.5033561672222222, 0.49192779999999997, 0.5269734887777778, 0.4846204379878118, 0.5242956000000002]}, "interpretability": {"num_predicates": {"mean": 910.6, "std": 59.75148533718639, "std_err": 29.87574266859319, "raw": [803, 964, 958, 890, 938]}, "num_rules": {"mean": 102.2, "std": 6.968500556073738, "std_err": 3.4842502780368685, "raw": [90, 102, 109, 101, 109]}}, "learning_time": {"mean": 0.1542980194091797, "std": 0.0012414181863603612, "std_err": 0.0006207090931801806, "raw": [0.15293192863464355, 0.1563103199005127, 0.15493488311767578, 0.15312671661376953, 0.15418624877929688]}}, "noise_pct_40": {"structured_test_accuracy": {"mean": 0.5681999999999999, "std": 0.020874865269026262, "std_err": 0.010437432634513131, "raw": [0.583, 0.57, 0.533, 0.594, 0.561]}, "unstructured_test_accuracy": {"mean": 0.5732, "std": 0.02359152390160497, "std_err": 0.011795761950802484, "raw": [0.582, 0.608, 0.54, 0.581, 0.555]}, "unstructured_test_brier_score": {"mean": 0.5112449861079933, "std": 0.01721005141943711, "std_err": 0.008605025709718555, "raw": [0.5089546652777778, 0.48982319999999996, 0.5218816390272109, 0.49755687907397966, 0.5380085471609978]}, "interpretability": {"num_predicates": {"mean": 1019.4, "std": 56.28001421463929, "std_err": 28.14000710731964, "raw": [1014, 1053, 1061, 912, 1057]}, "num_rules": {"mean": 108.8, "std": 3.1874754901018454, "std_err": 1.5937377450509227, "raw": [106, 111, 112, 104, 111]}}, "learning_time": {"mean": 0.15151419639587402, "std": 0.0024053901996508, "std_err": 0.0012026950998254, "raw": [0.15296554565429688, 0.15001678466796875, 0.14749383926391602, 0.1532738208770752, 0.15382099151611328]}}, "noise_pct_50": {"structured_test_accuracy": {"mean": 0.5648, "std": 0.016702095676890346, "std_err": 0.008351047838445171, "raw": [0.568, 0.563, 0.544, 0.594, 0.555]}, "unstructured_test_accuracy": {"mean": 0.5782, "std": 0.022622113075484316, "std_err": 0.011311056537742158, "raw": [0.585, 0.606, 0.547, 0.596, 0.557]}, "unstructured_test_brier_score": {"mean": 0.5104507472858276, "std": 0.021141155362187854, "std_err": 0.010570577681093927, "raw": [0.5040747378888889, 0.48558680000000004, 0.5285666296848072, 0.4929133340005669, 0.5411122348548753]}, "interpretability": {"num_predicates": {"mean": 867.4, "std": 80.72323085704635, "std_err": 40.36161542852317, "raw": [976, 953, 827, 790, 791]}, "num_rules": {"mean": 94.8, "std": 1.7204650534085253, "std_err": 0.8602325267042626, "raw": [94, 95, 94, 93, 98]}}, "learning_time": {"mean": 0.15306634902954103, "std": 0.000700869545821384, "std_err": 0.00035043477291069205, "raw": [0.1518268585205078, 0.15276527404785156, 0.15373897552490234, 0.15349698066711426, 0.1535036563873291]}}, "noise_pct_60": {"structured_test_accuracy": {"mean": 0.5718, "std": 0.016473008225579195, "std_err": 0.008236504112789598, "raw": [0.557, 0.566, 0.566, 0.604, 0.566]}, "unstructured_test_accuracy": {"mean": 0.5879999999999999, "std": 0.020861447696648494, "std_err": 0.010430723848324247, "raw": [0.578, 0.616, 0.566, 0.61, 0.57]}, "unstructured_test_brier_score": {"mean": 0.5043857846645692, "std": 0.02550012158344613, "std_err": 0.012750060791723064, "raw": [0.5036779468579933, 0.4729033091405896, 0.5096753820459183, 0.4872597660992064, 0.5484125191791384]}, "interpretability": {"num_predicates": {"mean": 916.0, "std": 140.96950024739394, "std_err": 70.48475012369697, "raw": [1186, 857, 883, 882, 772]}, "num_rules": {"mean": 98.8, "std": 7.730459236035076, "std_err": 3.865229618017537, "raw": [114, 94, 97, 96, 93]}}, "learning_time": {"mean": 0.1514734745025635, "std": 0.0023707874307646753, "std_err": 0.0011853937153823376, "raw": [0.1528184413909912, 0.15360188484191895, 0.15330219268798828, 0.1502995491027832, 0.14734530448913574]}}, "noise_pct_70": {"structured_test_accuracy": {"mean": 0.5718, "std": 0.010759182125050176, "std_err": 0.005379591062525087, "raw": [0.56, 0.577, 0.561, 0.589, 0.572]}, "unstructured_test_accuracy": {"mean": 0.589, "std": 0.021033306920215836, "std_err": 0.010516653460107918, "raw": [0.592, 0.608, 0.558, 0.614, 0.573]}, "unstructured_test_brier_score": {"mean": 0.5116084833231607, "std": 0.030209226756177484, "std_err": 0.015104613378088744, "raw": [0.5084145549826465, 0.47941048783219953, 0.5245622191267008, 0.48347951892318597, 0.5621756357510708]}, "interpretability": {"num_predicates": {"mean": 1002.4, "std": 130.58422569361124, "std_err": 65.29211284680564, "raw": [1059, 1120, 1140, 865, 828]}, "num_rules": {"mean": 107.0, "std": 6.841052550594828, "std_err": 3.420526275297414, "raw": [109, 113, 115, 98, 100]}}, "learning_time": {"mean": 0.15920791625976563, "std": 0.012038821689084352, "std_err": 0.006019410844542176, "raw": [0.1538701057434082, 0.153106689453125, 0.15328097343444824, 0.1525118350982666, 0.18326997756958008]}}, "noise_pct_80": {"structured_test_accuracy": {"mean": 0.5664, "std": 0.0101113797278116, "std_err": 0.0050556898639058, "raw": [0.565, 0.556, 0.559, 0.585, 0.567]}, "unstructured_test_accuracy": {"mean": 0.58, "std": 0.015059880477613346, "std_err": 0.007529940238806672, "raw": [0.586, 0.6, 0.561, 0.589, 0.564]}, "unstructured_test_brier_score": {"mean": 0.5243223505817658, "std": 0.02095382441976481, "std_err": 0.010476912209882405, "raw": [0.519174954497107, 0.5018033359070294, 0.5357843336411565, 0.5059760929589001, 0.5588730359046359]}, "interpretability": {"num_predicates": {"mean": 1045.8, "std": 77.67985581860977,