{"noise_pct_10": {"structured_test_accuracy": {"mean": 0.49939999999999996, "std": 0.01575563391298492, "std_err": 0.00787781695649246, "raw": [0.528, 0.497, 0.493, 0.499, 0.48]}, "unstructured_test_accuracy": {"mean": 0.4974, "std": 0.017895250766614045, "std_err": 0.008947625383307022, "raw": [0.527, 0.493, 0.492, 0.503, 0.472]}, "unstructured_test_brier_score": {"mean": 1.0051999999999999, "std": 0.03579050153322809, "std_err": 0.01789525076661404, "raw": [0.946, 1.014, 1.016, 0.994, 1.056]}, "interpretability": {"num_predicates": {"mean": 336.2, "std": 17.1743995528228, "std_err": 8.587199776411401, "raw": [336, 336, 365, 333, 311]}, "num_rules": {"mean": 50.2, "std": 2.4819347291981715, "std_err": 1.2409673645990857, "raw": [49, 50, 55, 49, 48]}}, "learning_time": {"mean": 2.656713771820068, "std": 0.33516601084922554, "std_err": 0.16758300542461274, "raw": [3.2890899181365967, 2.7018051147460938, 2.497377872467041, 2.4057211875915527, 2.3895747661590576]}}, "noise_pct_20": {"structured_test_accuracy": {"mean": 0.5146000000000001, "std": 0.009414881836751864, "std_err": 0.004707440918375931, "raw": [0.519, 0.504, 0.53, 0.506, 0.514]}, "unstructured_test_accuracy": {"mean": 0.5118, "std": 0.008975522268926759, "std_err": 0.0044877611344633795, "raw": [0.521, 0.499, 0.523, 0.508, 0.508]}, "unstructured_test_brier_score": {"mean": 0.9763999999999999, "std": 0.017951044537853518, "std_err": 0.008975522268926759, "raw": [0.958, 1.002, 0.954, 0.984, 0.984]}, "interpretability": {"num_predicates": {"mean": 369.4, "std": 18.661189672687005, "std_err": 9.3305948363435, "raw": [399, 360, 342, 373, 373]}, "num_rules": {"mean": 53.0, "std": 1.7888543819998317, "std_err": 0.8944271909999159, "raw": [56, 51, 54, 52, 52]}}, "learning_time": {"mean": 2.3789262771606445, "std": 0.012732941789186204, "std_err": 0.006366470894593102, "raw": [2.357501268386841, 2.375406265258789, 2.3959386348724365, 2.3798649311065674, 2.385920286178589]}}, "noise_pct_30": {"structured_test_accuracy": {"mean": 0.501, "std": 0.01013903348450927, "std_err": 0.005069516742254635, "raw": [0.518, 0.505, 0.493, 0.5, 0.489]}, "unstructured_test_accuracy": {"mean": 0.49899999999999994, "std": 0.00669328021227261, "std_err": 0.003346640106136305, "raw": [0.509, 0.501, 0.495, 0.501, 0.489]}, "unstructured_test_brier_score": {"mean": 1.0020000000000002, "std": 0.01338656042454522, "std_err": 0.00669328021227261, "raw": [0.982, 0.998, 1.01, 0.998, 1.022]}, "interpretability": {"num_predicates": {"mean": 357.2, "std": 20.21286718899622, "std_err": 10.106433594498109, "raw": [368, 358, 387, 327, 346]}, "num_rules": {"mean": 52.4, "std": 2.0591260281974, "std_err": 1.0295630140987, "raw": [53, 52, 56, 50, 51]}}, "learning_time": {"mean": 2.5044021129608156, "std": 0.06973032944398155, "std_err": 0.03486516472199078, "raw": [2.519439935684204, 2.573427438735962, 2.45318603515625, 2.3980941772460938, 2.5778629779815674]}}, "noise_pct_40": {"structured_test_accuracy": {"mean": 0.49960000000000004, "std": 0.003929376540877704, "std_err": 0.0019646882704388515, "raw": [0.501, 0.496, 0.506, 0.495, 0.5]}, "unstructured_test_accuracy": {"mean": 0.5014000000000001, "std": 0.003720215047547658, "std_err": 0.0018601075237738287, "raw": [0.506, 0.504, 0.501, 0.495, 0.501]}, "unstructured_test_brier_score": {"mean": 0.9972, "std": 0.007440430095095317, "std_err": 0.0037202150475476575, "raw": [0.988, 0.992, 0.998, 1.01, 0.998]}, "interpretability": {"num_predicates": {"mean": 379.8, "std": 56.8520887918817, "std_err": 28.426044395940846, "raw": [412, 332, 315, 472, 368]}, "num_rules": {"mean": 53.2, "std": 3.7629775444453557, "std_err": 1.8814887722226779, "raw": [56, 50, 49, 59, 52]}}, "learning_time": {"mean": 2.6711488246917723, "std": 0.08702095874502865, "std_err": 0.04351047937251432, "raw": [2.733006477355957, 2.56923246383667, 2.572826862335205, 2.7872865200042725, 2.693391799926758]}}, "noise_pct_50": {"structured_test_accuracy": {"mean": 0.5025999999999999, "std": 0.01120000000000001, "std_err": 0.005600000000000005, "raw": [0.521, 0.497, 0.509, 0.497, 0.489]}, "unstructured_test_accuracy": {"mean": 0.5046000000000002, "std": 0.012467557900406972, "std_err": 0.006233778950203485, "raw": [0.525, 0.487, 0.507, 0.506, 0.498]}, "unstructured_test_brier_score": {"mean": 0.9907999999999999, "std": 0.02493511580081394, "std_err": 0.012467557900406968, "raw": [0.95, 1.026, 0.986, 0.988, 1.004]}, "interpretability": {"num_predicates": {"mean": 335.2, "std": 36.25134480264146, "std_err": 18.125672401320728, "raw": [338, 376, 369, 277, 316]}, "num_rules": {"mean": 50.6, "std": 4.079215610874228, "std_err": 2.039607805437114, "raw": [52, 54, 55, 44, 48]}}, "learning_time": {"mean": 2.4387205123901365, "std": 0.05664883968331074, "std_err": 0.028324419841655367, "raw": [2.454859495162964, 2.5422186851501465, 2.411139488220215, 2.3988258838653564, 2.386559009552002]}}, "noise_pct_60": {"structured_test_accuracy": {"mean": 0.49659999999999993, "std": 0.009748846085563161, "std_err": 0.0048744230427815805, "raw": [0.505, 0.486, 0.51, 0.486, 0.496]}, "unstructured_test_accuracy": {"mean": 0.502, "std": 0.01126055060820741, "std_err": 0.005630275304103704, "raw": [0.514, 0.501, 0.515, 0.486, 0.494]}, "unstructured_test_brier_score": {"mean": 0.9960000000000001, "std": 0.022521101216414815, "std_err": 0.011260550608207407, "raw": [0.972, 0.998, 0.97, 1.028, 1.012]}, "interpretability": {"num_predicates": {"mean": 366.0, "std": 20.11964214393487, "std_err": 10.059821071967432, "raw": [329, 376, 389, 371, 365]}, "num_rules": {"mean": 52.6, "std": 2.0591260281974, "std_err": 1.0295630140987, "raw": [51, 55, 55, 50, 52]}}, "learning_time": {"mean": 2.4237521171569822, "std": 0.017571698063055835, "std_err": 0.008785849031527918, "raw": [2.4051613807678223, 2.443122386932373, 2.413055419921875, 2.410552978515625, 2.446868419647217]}}, "noise_pct_70": {"structured_test_accuracy": {"mean": 0.5064, "std": 0.013705473359209464, "std_err": 0.006852736679604731, "raw": [0.524, 0.522, 0.498, 0.492, 0.496]}, "unstructured_test_accuracy": {"mean": 0.5104, "std": 0.009350935782048776, "std_err": 0.004675467891024388, "raw": [0.528, 0.51, 0.503, 0.502, 0.509]}, "unstructured_test_brier_score": {"mean": 0.9792, "std": 0.018701871564097552, "std_err": 0.009350935782048776, "raw": [0.944, 0.98, 0.994, 0.996, 0.982]}, "interpretability": {"num_predicates": {"mean": 362.2, "std": 27.41824210265859, "std_err": 13.709121051329294, "raw": [325, 350, 348, 395, 393]}, "num_rules": {"mean": 52.0, "std": 2.1908902300206643, "std_err": 1.0954451150103321, "raw": [49, 50, 53, 55, 53]}}, "learning_time": {"mean": 2.5044325828552245, "std": 0.08144856279981258, "std_err": 0.04072428139990629, "raw": [2.410179376602173, 2.436464548110962, 2.518266201019287, 2.5135679244995117, 2.6436848640441895]}}, "noise_pct_80": {"structured_test_accuracy": {"mean": 0.4936, "std": 0.010707007051459348, "std_err": 0.005353503525729673, "raw": [0.512, 0.496, 0.493, 0.48, 0.487]}, "unstructured_test_accuracy": {"mean": 0.4988, "std": 0.015471263684650988, "std_err": 0.007735631842325493, "raw": [0.528, 0.483, 0.499, 0.493, 0.491]}, "unstructured_test_brier_score": {"mean": 1.0024, "std": 0.030942527369301975, "std_err": 0.015471263684650986, "raw": [0.944, 1.034, 1.002, 1.014, 1.018]}, "interpretability": {"num_predicates": {"mean": 358.4, "std": 21.397196077991154, "std_err": 10.698598038995575, "raw": [318, 371, 359, 380, 364]}, "num_rules": {"mean": 52.4, "std": 2.9393876913398134, "std_err": 1.4696938456699067, "raw": [47, 53, 55, 55, 52]}}, "learning_time": {"mean": 2.740448331832886, "std": 0.3404554754488469, "std_err": 0.17022773772442346, "raw": [2.793642282485962, 2.5205628871917725, 2.3881924152374268, 2.6327483654022217, 3.367095708847046]}}, "noise_pct_90": {"structured_test_accuracy": {"mean": 0.499, "std": 0.009591663046625447, "std_err": 0.004795831523312723, "raw": [0.506, 0.51, 0.504, 0.488, 0.487]}, "unstructured_test_accuracy": {"mean": 0.5024,