{"noise_pct_0": {"structured_test_accuracy": {"mean": 0.5022, "std": 0.012734205903785297, "std_err": 0.006367102951892648, "raw": [0.521, 0.508, 0.505, 0.484, 0.493]}, "unstructured_test_accuracy": {"mean": 0.5024000000000001, "std": 0.012563439019631539, "std_err": 0.006281719509815769, "raw": [0.518, 0.508, 0.509, 0.482, 0.495]}, "unstructured_test_brier_score": {"mean": 0.9952, "std": 0.025126878039263077, "std_err": 0.012563439019631539, "raw": [0.964, 0.984, 0.982, 1.036, 1.01]}, "interpretability": {"num_predicates": {"mean": 363.8, "std": 33.15056560603454, "std_err": 16.57528280301727, "raw": [412, 319, 374, 335, 379]}, "num_rules": {"mean": 52.6, "std": 3.4409301068170506, "std_err": 1.720465053408525, "raw": [56, 48, 54, 49, 56]}}, "learning_time": {"mean": 2.328664684295654, "std": 0.45258785720612743, "std_err": 0.22629392860306372, "raw": [2.1039915084838867, 2.0536975860595703, 1.9780709743499756, 2.2989580631256104, 3.2086052894592285]}}}