{"noise_pct_10": {"accuracy": {"mean": 0.9555, "std": 0.0015000000000000013, "std_err": 0.0004743416490252573, "raw": [0.956, 0.956, 0.951, 0.956, 0.956, 0.956, 0.956, 0.956, 0.956, 0.956]}}, "noise_pct_20": {"accuracy": {"mean": 0.9149999999999998, "std": 2.220446049250313e-16, "std_err": 7.021666937153402e-17, "raw": [0.915, 0.915, 0.915, 0.915, 0.915, 0.915, 0.915, 0.915, 0.915, 0.915]}}, "noise_pct_30": {"accuracy": {"mean": 0.868, "std": 0.0, "std_err": 0.0, "raw": [0.868, 0.868, 0.868, 0.868, 0.868, 0.868, 0.868, 0.868, 0.868, 0.868]}}, "noise_pct_40": {"accuracy": {"mean": 0.82, "std": 0.0, "std_err": 0.0, "raw": [0.82, 0.82, 0.82, 0.82, 0.82, 0.82, 0.82, 0.82, 0.82, 0.82]}}, "noise_pct_50": {"accuracy": {"mean": 0.7830000000000001, "std": 1.1102230246251565e-16, "std_err": 3.510833468576701e-17, "raw": [0.783, 0.783, 0.783, 0.783, 0.783, 0.783, 0.783, 0.783, 0.783, 0.783]}}, "noise_pct_60": {"accuracy": {"mean": 0.748, "std": 0.0, "std_err": 0.0, "raw": [0.748, 0.748, 0.748, 0.748, 0.748, 0.748, 0.748, 0.748, 0.748, 0.748]}}, "noise_pct_70": {"accuracy": {"mean": 0.713, "std": 0.0, "std_err": 0.0, "raw": [0.713, 0.713, 0.713, 0.713, 0.713, 0.713, 0.713, 0.713, 0.713, 0.713]}}, "noise_pct_80": {"accuracy": {"mean": 0.6540000000000001, "std": 0.036000000000000004, "std_err": 0.011384199576606167, "raw": [0.666, 0.666, 0.546, 0.666, 0.666, 0.666, 0.666, 0.666, 0.666, 0.666]}}, "noise_pct_90": {"accuracy": {"mean": 0.5334, "std": 0.047284669820143614, "std_err": 0.014952725504067812, "raw": [0.5, 0.5, 0.546, 0.546, 0.621, 0.5, 0.5, 0.5, 0.5, 0.621]}}, "noise_pct_100": {"accuracy": {"mean": 0.5138, "std": 0.021079848196796883, "std_err": 0.006666033303247147, "raw": [0.5, 0.5, 0.546, 0.546, 0.546, 0.5, 0.5, 0.5, 0.5, 0.5]}}}