{"noise_pct_10": {"accuracy": {"mean": 0.9570000000000001, "std": 1.1102230246251565e-16, "std_err": 3.510833468576701e-17, "raw": [0.957, 0.957, 0.957, 0.957, 0.957, 0.957, 0.957, 0.957, 0.957, 0.957]}}, "noise_pct_20": {"accuracy": {"mean": 0.9109999999999999, "std": 1.1102230246251565e-16, "std_err": 3.510833468576701e-17, "raw": [0.911, 0.911, 0.911, 0.911, 0.911, 0.911, 0.911, 0.911, 0.911, 0.911]}}, "noise_pct_30": {"accuracy": {"mean": 0.86, "std": 0.0, "std_err": 0.0, "raw": [0.86, 0.86, 0.86, 0.86, 0.86, 0.86, 0.86, 0.86, 0.86, 0.86]}}, "noise_pct_40": {"accuracy": {"mean": 0.813, "std": 0.0, "std_err": 0.0, "raw": [0.813, 0.813, 0.813, 0.813, 0.813, 0.813, 0.813, 0.813, 0.813, 0.813]}}, "noise_pct_50": {"accuracy": {"mean": 0.776, "std": 0.0, "std_err": 0.0, "raw": [0.776, 0.776, 0.776, 0.776, 0.776, 0.776, 0.776, 0.776, 0.776, 0.776]}}, "noise_pct_60": {"accuracy": {"mean": 0.7409999999999999, "std": 1.1102230246251565e-16, "std_err": 3.510833468576701e-17, "raw": [0.741, 0.741, 0.741, 0.741, 0.741, 0.741, 0.741, 0.741, 0.741, 0.741]}}, "noise_pct_70": {"accuracy": {"mean": 0.7030000000000001, "std": 1.1102230246251565e-16, "std_err": 3.510833468576701e-17, "raw": [0.703, 0.703, 0.703, 0.703, 0.703, 0.703, 0.703, 0.703, 0.703, 0.703]}}, "noise_pct_80": {"accuracy": {"mean": 0.5724, "std": 0.07188212573373162, "std_err": 0.022731124037319406, "raw": [0.5, 0.658, 0.546, 0.546, 0.658, 0.5, 0.658, 0.5, 0.5, 0.658]}}, "noise_pct_90": {"accuracy": {"mean": 0.5252, "std": 0.036046636458898634, "std_err": 0.011398947319818616, "raw": [0.5, 0.5, 0.546, 0.546, 0.546, 0.5, 0.5, 0.5, 0.5, 0.614]}}, "noise_pct_100": {"accuracy": {"mean": 0.6079000000000001, "std": 0.04177188049393993, "std_err": 0.013209428450920952, "raw": [0.644, 0.607, 0.546, 0.546, 0.546, 0.634, 0.634, 0.644, 0.634, 0.644]}}}