{"noise_pct_0": {"accuracy": {"mean": 0.9991000000000001, "std": 0.0003000000000000003, "std_err": 9.486832980505147e-05, "raw": [0.999, 0.999, 1.0, 0.999, 0.999, 0.999, 0.999, 0.999, 0.999, 0.999]}}}