{"noise_pct_10": {"structured_test_accuracy": {"mean": 0.5176000000000001, "std": 0.011825396399275597, "std_err": 0.005912698199637798, "raw": [0.52, 0.496, 0.518, 0.532, 0.522]}, "unstructured_test_accuracy": {"mean": 0.518, "std": 0.011730302638892154, "std_err": 0.005865151319446077, "raw": [0.528, 0.496, 0.516, 0.526, 0.524]}, "unstructured_test_brier_score": {"mean": 0.9640000000000001, "std": 0.02346060527778431, "std_err": 0.011730302638892154, "raw": [0.944, 1.008, 0.968, 0.948, 0.952]}, "interpretability": {"num_predicates": {"mean": 396.8, "std": 36.157433537241, "std_err": 18.0787167686205, "raw": [455, 348, 373, 411, 397]}, "num_rules": {"mean": 56.8, "std": 3.0594117081556713, "std_err": 1.5297058540778354, "raw": [60, 54, 55, 61, 54]}}, "learning_time": {"mean": 3.4165703773498537, "std": 1.0034504689523602, "std_err": 0.5017252344761801, "raw": [2.866581678390503, 2.493847131729126, 5.13007664680481, 3.972769021987915, 2.619577407836914]}}, "noise_pct_20": {"structured_test_accuracy": {"mean": 0.5156000000000001, "std": 0.009687104830649875, "std_err": 0.004843552415324938, "raw": [0.527, 0.502, 0.514, 0.509, 0.526]}, "unstructured_test_accuracy": {"mean": 0.5186, "std": 0.008822698000045119, "std_err": 0.004411349000022559, "raw": [0.532, 0.509, 0.513, 0.513, 0.526]}, "unstructured_test_brier_score": {"mean": 0.9628, "std": 0.017645396000090203, "std_err": 0.008822698000045101, "raw": [0.936, 0.982, 0.974, 0.974, 0.948]}, "interpretability": {"num_predicates": {"mean": 452.6, "std": 61.49341428153099, "std_err": 30.74670714076549, "raw": [476, 473, 344, 440, 530]}, "num_rules": {"mean": 62.0, "std": 5.549774770204643, "std_err": 2.7748873851023217, "raw": [64, 66, 51, 65, 64]}}, "learning_time": {"mean": 3.0420419692993166, "std": 0.5304086266019111, "std_err": 0.2652043133009556, "raw": [2.600111722946167, 2.7712249755859375, 3.016514778137207, 2.7535903453826904, 4.06876802444458]}}, "noise_pct_30": {"structured_test_accuracy": {"mean": 0.5204, "std": 0.013573503600765733, "std_err": 0.0067867518003828665, "raw": [0.514, 0.5, 0.531, 0.518, 0.539]}, "unstructured_test_accuracy": {"mean": 0.5210000000000001, "std": 0.013885243966167839, "std_err": 0.0069426219830839185, "raw": [0.514, 0.504, 0.537, 0.512, 0.538]}, "unstructured_test_brier_score": {"mean": 0.958, "std": 0.027770487932335622, "std_err": 0.013885243966167811, "raw": [0.972, 0.992, 0.926, 0.976, 0.924]}, "interpretability": {"num_predicates": {"mean": 437.4, "std": 71.27580234553659, "std_err": 35.637901172768295, "raw": [442, 398, 337, 553, 457]}, "num_rules": {"mean": 58.4, "std": 4.5431266766402185, "std_err": 2.2715633383201093, "raw": [60, 57, 51, 65, 59]}}, "learning_time": {"mean": 2.9360268115997314, "std": 0.3980027360836298, "std_err": 0.1990013680418149, "raw": [2.9507904052734375, 2.5793094635009766, 3.292886734008789, 3.4467945098876953, 2.410352945327759]}}, "noise_pct_40": {"structured_test_accuracy": {"mean": 0.5154, "std": 0.01651181395244025, "std_err": 0.008255906976220124, "raw": [0.499, 0.492, 0.528, 0.526, 0.532]}, "unstructured_test_accuracy": {"mean": 0.5202, "std": 0.014274452704044397, "std_err": 0.007137226352022198, "raw": [0.506, 0.507, 0.525, 0.518, 0.545]}, "unstructured_test_brier_score": {"mean": 0.9596, "std": 0.028548905408088753, "std_err": 0.014274452704044375, "raw": [0.988, 0.986, 0.95, 0.964, 0.91]}, "interpretability": {"num_predicates": {"mean": 433.2, "std": 47.67137505883379, "std_err": 23.83568752941689, "raw": [441, 478, 372, 490, 385]}, "num_rules": {"mean": 61.2, "std": 4.915282290977803, "std_err": 2.4576411454889016, "raw": [63, 65, 54, 67, 57]}}, "learning_time": {"mean": 2.698018026351929, "std": 0.1833927426822984, "std_err": 0.0916963713411492, "raw": [2.6673789024353027, 2.938311815261841, 2.6791763305664062, 2.815830707550049, 2.389392375946045]}}, "noise_pct_50": {"structured_test_accuracy": {"mean": 0.5107999999999999, "std": 0.015663971399361033, "std_err": 0.007831985699680516, "raw": [0.528, 0.484, 0.513, 0.505, 0.524]}, "unstructured_test_accuracy": {"mean": 0.5162, "std": 0.016987053894068873, "std_err": 0.008493526947034436, "raw": [0.521, 0.489, 0.54, 0.508, 0.523]}, "unstructured_test_brier_score": {"mean": 0.9676, "std": 0.03397410778813772, "std_err": 0.01698705389406886, "raw": [0.958, 1.022, 0.92, 0.984, 0.954]}, "interpretability": {"num_predicates": {"mean": 407.2, "std": 62.42883948945391, "std_err": 31.214419744726957, "raw": [466, 429, 358, 471, 312]}, "num_rules": {"mean": 58.0, "std": 6.54217089351845, "std_err": 3.271085446759225, "raw": [64, 62, 54, 63, 47]}}, "learning_time": {"mean": 2.4822361946105955, "std": 0.18320485810641365, "std_err": 0.09160242905320683, "raw": [2.3831799030303955, 2.3823111057281494, 2.3983314037323, 2.3989899158477783, 2.8483686447143555]}}, "noise_pct_60": {"structured_test_accuracy": {"mean": 0.5228, "std": 0.008634813257969168, "std_err": 0.004317406628984584, "raw": [0.524, 0.518, 0.526, 0.51, 0.536]}, "unstructured_test_accuracy": {"mean": 0.522, "std": 0.016887865466067655, "std_err": 0.008443932733033828, "raw": [0.53, 0.495, 0.544, 0.512, 0.529]}, "unstructured_test_brier_score": {"mean": 0.9560000000000001, "std": 0.03377573093213528, "std_err": 0.01688786546606764, "raw": [0.94, 1.01, 0.912, 0.976, 0.942]}, "interpretability": {"num_predicates": {"mean": 453.6, "std": 64.32293525640758, "std_err": 32.16146762820379, "raw": [511, 347, 440, 529, 441]}, "num_rules": {"mean": 62.6, "std": 6.8585712797928995, "std_err": 3.4292856398964493, "raw": [67, 50, 64, 70, 62]}}, "learning_time": {"mean": 2.45871844291687, "std": 0.043481619277613674, "std_err": 0.021740809638806834, "raw": [2.4137823581695557, 2.4947283267974854, 2.5247416496276855, 2.4387779235839844, 2.4215619564056396]}}, "noise_pct_70": {"structured_test_accuracy": {"mean": 0.515, "std": 0.006663332499583079, "std_err": 0.0033316662497915395, "raw": [0.515, 0.505, 0.515, 0.514, 0.526]}, "unstructured_test_accuracy": {"mean": 0.518, "std": 0.007348469228349541, "std_err": 0.0036742346141747702, "raw": [0.511, 0.514, 0.53, 0.512, 0.523]}, "unstructured_test_brier_score": {"mean": 0.9639999999999999, "std": 0.014696938456699081, "std_err": 0.0073484692283495405, "raw": [0.978, 0.972, 0.94, 0.976, 0.954]}, "interpretability": {"num_predicates": {"mean": 505.0, "std": 74.2563128629479, "std_err": 37.12815643147394, "raw": [371, 521, 491, 556, 586]}, "num_rules": {"mean": 66.0, "std": 6.324555320336759, "std_err": 3.162277660168379, "raw": [54, 68, 66, 70, 72]}}, "learning_time": {"mean": 2.5067201614379884, "std": 0.09384239592582848, "std_err": 0.046921197962914246, "raw": [2.390172243118286, 2.403939723968506, 2.6165733337402344, 2.5916621685028076, 2.5312533378601074]}}, "noise_pct_80": {"structured_test_accuracy": {"mean": 0.516, "std": 0.009979979959899727, "std_err": 0.004989989979949864, "raw": [0.5, 0.513, 0.53, 0.515, 0.522]}, "unstructured_test_accuracy": {"mean": 0.5238, "std": 0.011822013364905331, "std_err": 0.0059110066824526655, "raw": [0.517, 0.511, 0.536, 0.515, 0.54]}, "unstructured_test_brier_score": {"mean": 0.9523999999999999, "std": 0.023644026729810606, "std_err": 0.011822013364905303, "raw": [0.966, 0.978, 0.928, 0.97, 0.92]}, "interpretability": {"num_predicates": {"mean": 482.2, "std": 102.83851418607719, "std_err": 51.419257093038595, "raw": [478, 348, 445, 475, 665]}, "num_rules": {"mean": 64.2, "std": 9.130169768410662, "std_err": 4.565084884205331, "raw": [66, 53, 58, 64, 80]}}, "learning_time": {"mean": 2.51029486656189, "std": 0.06656422461995391, "std_err": 0.033282112309976956, "raw": [2.498775005340576, 2.4813649654388428, 2.4472110271453857, 2.4851033687591553, 2.6390199661254883]}}, "noise_pct_90": {"structured_test_accuracy": {"mean": 0.5258, "std": 0.007833262411026462, "std_err": 0.003916631205513231, "raw": [0.518, 0.518, 0.533, 0.523, 0.537]}, "unstructured_test_accuracy": {"mean": 0.5210000000000001, "std": 0.00864869932417587,