{"noise_pct_0": {"structured_test_accuracy": {"mean": 0.525, "std": 0.00885437744847147, "std_err": 0.004427188724235734, "raw": [0.519, 0.513, 0.537, 0.533, 0.523]}, "unstructured_test_accuracy": {"mean": 0.525, "std": 0.00885437744847147, "std_err": 0.004427188724235734, "raw": [0.519, 0.513, 0.537, 0.533, 0.523]}, "unstructured_test_brier_score": {"mean": 0.95, "std": 0.017708754896942888, "std_err": 0.008854377448471444, "raw": [0.962, 0.974, 0.926, 0.934, 0.954]}, "interpretability": {"num_predicates": {"mean": 406.4, "std": 28.485785929126127, "std_err": 14.242892964563062, "raw": [424, 379, 448, 410, 371]}, "num_rules": {"mean": 57.6, "std": 3.1368774282716245, "std_err": 1.568438714135812, "raw": [56, 59, 63, 56, 54]}}, "learning_time": {"mean": 2.7650906562805178, "std": 0.019964849235861483, "std_err": 0.00998242461793074, "raw": [2.75433087348938, 2.804687976837158, 2.758364677429199, 2.757161855697632, 2.7509078979492188]}}}