{"noise_pct_10": {"structured_test_accuracy": {"mean": 0.4783999999999999, "std": 0.021322288807724184, "std_err": 0.01066114440386209, "raw": [0.498, 0.438, 0.493, 0.485, 0.478]}, "unstructured_test_accuracy": {"mean": 0.4772, "std": 0.015038616957685961, "std_err": 0.007519308478842981, "raw": [0.489, 0.45, 0.493, 0.476, 0.478]}, "unstructured_test_brier_score": {"mean": 1.0455999999999999, "std": 0.030077233915371964, "std_err": 0.015038616957685982, "raw": [1.022, 1.1, 1.014, 1.048, 1.044]}, "interpretability": {"num_predicates": {"mean": 101403.6, "std": 2623.248794910616, "std_err": 1311.624397455308, "raw": [106260, 101811, 100539, 99545, 98863]}, "num_rules": {"mean": 5895.2, "std": 26.9918506219933, "std_err": 13.495925310996649, "raw": [5930, 5918, 5899, 5862, 5867]}}, "learning_time": {"mean": 292.2357611656189, "std": 28.589029366493598, "std_err": 14.294514683246799, "raw": [309.83808040618896, 240.27847337722778, 288.5009958744049, 324.2786898612976, 298.2825663089752]}}, "noise_pct_20": {"structured_test_accuracy": {"mean": 0.48119999999999996, "std": 0.014441606558828552, "std_err": 0.007220803279414276, "raw": [0.493, 0.456, 0.49, 0.493, 0.474]}, "unstructured_test_accuracy": {"mean": 0.48460000000000003, "std": 0.009520504188329532, "std_err": 0.004760252094164765, "raw": [0.495, 0.472, 0.475, 0.494, 0.487]}, "unstructured_test_brier_score": {"mean": 1.0308, "std": 0.019041008376659063, "std_err": 0.00952050418832953, "raw": [1.01, 1.056, 1.05, 1.012, 1.026]}, "interpretability": {"num_predicates": {"mean": 102588.8, "std": 3449.746622579693, "std_err": 1724.8733112898465, "raw": [107832, 100329, 102066, 97923, 104794]}, "num_rules": {"mean": 5872.6, "std": 72.1986149451636, "std_err": 36.09930747258179, "raw": [6000, 5832, 5854, 5786, 5891]}}, "learning_time": {"mean": 304.2138153553009, "std": 32.16832994058611, "std_err": 16.084164970293052, "raw": [241.4686918258667, 306.48468041419983, 325.077171087265, 326.4798033237457, 321.55873012542725]}}, "noise_pct_30": {"structured_test_accuracy": {"mean": 0.48579999999999995, "std": 0.011754148203932101, "std_err": 0.0058770741019660505, "raw": [0.483, 0.475, 0.499, 0.5, 0.472]}, "unstructured_test_accuracy": {"mean": 0.4928, "std": 0.014358272876638066, "std_err": 0.007179136438319033, "raw": [0.504, 0.471, 0.497, 0.51, 0.482]}, "unstructured_test_brier_score": {"mean": 1.0143999999999997, "std": 0.028716545753276132, "std_err": 0.014358272876638066, "raw": [0.992, 1.058, 1.006, 0.98, 1.036]}, "interpretability": {"num_predicates": {"mean": 100038.4, "std": 3885.6512761698004, "std_err": 1942.8256380849, "raw": [105231, 94594, 102000, 96578, 101789]}, "num_rules": {"mean": 5801.2, "std": 95.27098194098768, "std_err": 47.63549097049384, "raw": [5946, 5727, 5860, 5677, 5796]}}, "learning_time": {"mean": 410.1175217628479, "std": 21.143967476108596, "std_err": 10.571983738054296, "raw": [370.61091351509094, 425.0216884613037, 426.98111057281494, 422.29673075675964, 405.67716550827026]}}, "noise_pct_40": {"structured_test_accuracy": {"mean": 0.4864, "std": 0.016463292501805338, "std_err": 0.008231646250902669, "raw": [0.497, 0.459, 0.505, 0.494, 0.477]}, "unstructured_test_accuracy": {"mean": 0.4896, "std": 0.014974645237867904, "std_err": 0.007487322618933952, "raw": [0.515, 0.468, 0.49, 0.487, 0.488]}, "unstructured_test_brier_score": {"mean": 1.0208, "std": 0.02994929047573584, "std_err": 0.01497464523786792, "raw": [0.97, 1.064, 1.02, 1.026, 1.024]}, "interpretability": {"num_predicates": {"mean": 100002.2, "std": 5828.19887786956, "std_err": 2914.09943893478, "raw": [98417, 92742, 108161, 95456, 105235]}, "num_rules": {"mean": 5810.4, "std": 84.58510507175598, "std_err": 42.29255253587799, "raw": [5870, 5651, 5880, 5798, 5853]}}, "learning_time": {"mean": 334.91112365722654, "std": 34.69431016814144, "std_err": 17.347155084070717, "raw": [292.8275475502014, 298.8092622756958, 349.0134973526001, 348.3528230190277, 385.5524880886078]}}, "noise_pct_50": {"structured_test_accuracy": {"mean": 0.4856, "std": 0.009414881836751864, "std_err": 0.004707440918375932, "raw": [0.477, 0.483, 0.499, 0.494, 0.475]}, "unstructured_test_accuracy": {"mean": 0.485, "std": 0.008318653737234177, "std_err": 0.0041593268686170885, "raw": [0.489, 0.469, 0.49, 0.485, 0.492]}, "unstructured_test_brier_score": {"mean": 1.03, "std": 0.016637307474468354, "std_err": 0.008318653737234177, "raw": [1.022, 1.062, 1.02, 1.03, 1.016]}, "interpretability": {"num_predicates": {"mean": 102735.6, "std": 1951.8212623086165, "std_err": 975.910631154308, "raw": [100503, 101965, 106361, 102682, 102167]}, "num_rules": {"mean": 5862.2, "std": 27.29395537477117, "std_err": 13.646977687385585, "raw": [5900, 5846, 5868, 5820, 5877]}}, "learning_time": {"mean": 333.4119936943054, "std": 37.46856288663833, "std_err": 18.734281443319162, "raw": [354.1877121925354, 348.55743193626404, 354.76386880874634, 350.9406626224518, 258.61029291152954]}}, "noise_pct_60": {"structured_test_accuracy": {"mean": 0.49219999999999997, "std": 0.02661879035568672, "std_err": 0.013309395177843358, "raw": [0.505, 0.451, 0.518, 0.516, 0.471]}, "unstructured_test_accuracy": {"mean": 0.4808, "std": 0.016436544649043486, "std_err": 0.008218272324521742, "raw": [0.508, 0.46, 0.48, 0.487, 0.469]}, "unstructured_test_brier_score": {"mean": 1.0384, "std": 0.032873089298087, "std_err": 0.016436544649043497, "raw": [0.984, 1.08, 1.04, 1.026, 1.062]}, "interpretability": {"num_predicates": {"mean": 100751.6, "std": 3721.2704067294007, "std_err": 1860.6352033647004, "raw": [104012, 94009, 100969, 100413, 104355]}, "num_rules": {"mean": 5830.0, "std": 45.28134273627495, "std_err": 22.640671368137472, "raw": [5874, 5745, 5825, 5851, 5855]}}, "learning_time": {"mean": 354.74617595672606, "std": 9.947472357881995, "std_err": 4.973736178940997, "raw": [356.80654764175415, 370.8807182312012, 356.52469515800476, 341.047297000885, 348.4716217517853]}}, "noise_pct_70": {"structured_test_accuracy": {"mean": 0.4888, "std": 0.01202331069215132, "std_err": 0.00601165534607566, "raw": [0.479, 0.478, 0.51, 0.494, 0.483]}, "unstructured_test_accuracy": {"mean": 0.484, "std": 0.007615773105863915, "std_err": 0.003807886552931958, "raw": [0.498, 0.479, 0.485, 0.482, 0.476]}, "unstructured_test_brier_score": {"mean": 1.032, "std": 0.01523154621172783, "std_err": 0.007615773105863916, "raw": [1.004, 1.042, 1.03, 1.036, 1.048]}, "interpretability": {"num_predicates": {"mean": 104316.4, "std": 5189.092737656555, "std_err": 2594.5463688282775, "raw": [104086, 94983, 105263, 106452, 110798]}, "num_rules": {"mean": 5863.6, "std": 78.58905776251551, "std_err": 39.294528881257754, "raw": [5876, 5814, 5982, 5897, 5749]}}, "learning_time": {"mean": 318.260532951355, "std": 29.754038605843974, "std_err": 14.877019302921985, "raw": [322.76221203804016, 325.0766370296478, 329.6256446838379, 262.34685730934143, 351.4913136959076]}}, "noise_pct_80": {"structured_test_accuracy": {"mean": 0.4999999999999999, "std": 0.015126136320951245, "std_err": 0.007563068160475622, "raw": [0.519, 0.482, 0.517, 0.493, 0.489]}, "unstructured_test_accuracy": {"mean": 0.48919999999999997, "std": 0.02054653255418054, "std_err": 0.01027326627709027, "raw": [0.524, 0.469, 0.484, 0.499, 0.47]}, "unstructured_test_brier_score": {"mean": 1.0216, "std": 0.04109306510836108, "std_err": 0.02054653255418054, "raw": [0.952, 1.062, 1.032, 1.002, 1.06]}, "interpretability": {"num_predicates": {"mean": 98819.8, "std": 4966.852983529913, "std_err": 2483.4264917649566, "raw": [99637, 92965, 105228, 93318, 102951]}, "num_rules": {"mean": 5752.8, "std": 89.24886553900839, "std_err": 44.624432769504196, "raw": [5891, 5628, 5786, 5691, 5768]}}, "learning_time": {"mean": 392.2363920688629, "std": 11.6876628647546, "std_err": 5.843831432377299, "raw": [390.7513847351074, 390.0098741054535, 414.2412371635437, 379.60342288017273, 386.57604146003723]}}, "noise_pct_90": {"structured_test_accuracy": {"mean": 0.4944,