{"noise_pct_0": {"structured_test_accuracy": {"mean": 0.48460000000000003, "std": 0.009308061022576085, "std_err": 0.004654030511288042, "raw": [0.495, 0.475, 0.492, 0.489, 0.472]}, "unstructured_test_accuracy": {"mean": 0.48200000000000004, "std": 0.007924645102463587, "std_err": 0.003962322551231794, "raw": [0.486, 0.473, 0.491, 0.488, 0.472]}, "unstructured_test_brier_score": {"mean": 1.036, "std": 0.015849290204927174, "std_err": 0.007924645102463587, "raw": [1.028, 1.054, 1.018, 1.024, 1.056]}, "interpretability": {"num_predicates": {"mean": 103512.6, "std": 3670.897034785912, "std_err": 1835.4485173929559, "raw": [107916, 107069, 103019, 101680, 97879]}, "num_rules": {"mean": 5905.2, "std": 35.50436592871361, "std_err": 17.752182964356805, "raw": [5962, 5912, 5913, 5855, 5884]}}, "learning_time": {"mean": 372.9263156414032, "std": 18.671766837263004, "std_err": 9.335883418631502, "raw": [344.91369557380676, 365.0813720226288, 401.6040515899658, 381.452668428421, 371.5797905921936]}}}