{"noise_pct_10": {"accuracy": {"mean": 1.0, "std": 0.0, "std_err": 0.0, "raw": [1.0, 1.0, 1.0, 1.0, 1.0, 1.0, 1.0, 1.0, 1.0, 1.0]}}, "noise_pct_20": {"accuracy": {"mean": 1.0, "std": 0.0, "std_err": 0.0, "raw": [1.0, 1.0, 1.0, 1.0, 1.0, 1.0, 1.0, 1.0, 1.0, 1.0]}}, "noise_pct_30": {"accuracy": {"mean": 1.0, "std": 0.0, "std_err": 0.0, "raw": [1.0, 1.0, 1.0, 1.0, 1.0, 1.0, 1.0, 1.0, 1.0, 1.0]}}, "noise_pct_40": {"accuracy": {"mean": 1.0, "std": 0.0, "std_err": 0.0, "raw": [1.0, 1.0, 1.0, 1.0, 1.0, 1.0, 1.0, 1.0, 1.0, 1.0]}}, "noise_pct_50": {"accuracy": {"mean": 1.0, "std": 0.0, "std_err": 0.0, "raw": [1.0, 1.0, 1.0, 1.0, 1.0, 1.0, 1.0, 1.0, 1.0, 1.0]}}, "noise_pct_60": {"accuracy": {"mean": 1.0, "std": 0.0, "std_err": 0.0, "raw": [1.0, 1.0, 1.0, 1.0, 1.0, 1.0, 1.0, 1.0, 1.0, 1.0]}}, "noise_pct_70": {"accuracy": {"mean": 1.0, "std": 0.0, "std_err": 0.0, "raw": [1.0, 1.0, 1.0, 1.0, 1.0, 1.0, 1.0, 1.0, 1.0, 1.0]}}, "noise_pct_80": {"accuracy": {"mean": 0.7092, "std": 0.23803058626991616, "std_err": 0.0752718805398138, "raw": [0.5, 1.0, 0.546, 0.546, 1.0, 0.5, 1.0, 0.5, 0.5, 1.0]}}, "noise_pct_90": {"accuracy": {"mean": 0.5638, "std": 0.14684808476789882, "std_err": 0.046437441790003885, "raw": [0.5, 0.5, 0.546, 0.546, 0.546, 0.5, 0.5, 0.5, 0.5, 1.0]}}, "noise_pct_100": {"mean": 0.6079000000000001, "std": 0.04177188049393993, "std_err": 0.013209428450920952, "raw": [0.644, 0.607, 0.546, 0.546, 0.546, 0.634, 0.634, 0.644, 0.634, 0.644]}}