{"noise_pct_10": {"accuracy": {"mean": 0.8939999999999999, "std": 1.1102230246251565e-16, "std_err": 3.510833468576701e-17, "raw": [0.894, 0.894, 0.894, 0.894, 0.894, 0.894, 0.894, 0.894, 0.894, 0.894]}}, "noise_pct_20": {"accuracy": {"mean": 0.845, "std": 0.0, "std_err": 0.0, "raw": [0.845, 0.845, 0.845, 0.845, 0.845, 0.845, 0.845, 0.845, 0.845, 0.845]}}, "noise_pct_30": {"accuracy": {"mean": 0.7910000000000001, "std": 1.1102230246251565e-16, "std_err": 3.510833468576701e-17, "raw": [0.791, 0.791, 0.791, 0.791, 0.791, 0.791, 0.791, 0.791, 0.791, 0.791]}}, "noise_pct_40": {"accuracy": {"mean": 0.742, "std": 0.0, "std_err": 0.0, "raw": [0.742, 0.742, 0.742, 0.742, 0.742, 0.742, 0.742, 0.742, 0.742, 0.742]}}, "noise_pct_50": {"accuracy": {"mean": 0.7089999999999999, "std": 1.1102230246251565e-16, "std_err": 3.510833468576701e-17, "raw": [0.709, 0.709, 0.709, 0.709, 0.709, 0.709, 0.709, 0.709, 0.709, 0.709]}}, "noise_pct_60": {"accuracy": {"mean": 0.668, "std": 0.0, "std_err": 0.0, "raw": [0.668, 0.668, 0.668, 0.668, 0.668, 0.668, 0.668, 0.668, 0.668, 0.668]}}, "noise_pct_70": {"accuracy": {"mean": 0.6260000000000001, "std": 1.1102230246251565e-16, "std_err": 3.510833468576701e-17, "raw": [0.626, 0.626, 0.626, 0.626, 0.626, 0.626, 0.626, 0.626, 0.626, 0.626]}}, "noise_pct_80": {"accuracy": {"mean": 0.5740000000000001, "std": 0.0026076809620810618, "std_err": 0.0013038404810405309, "raw": [0.576, 0.57, 0.572, 0.575, 0.577]}, "brier_score": {"mean": 0.8416958662166575, "std": 0.001904843045769437, "std_err": 0.0009524215228847184, "raw": [0.8398944444488888, 0.8446371088588435, 0.8426227777755555, 0.8419374999933334, 0.8393875000066666]}}, "noise_pct_90": {"accuracy": {"mean": 0.5328, "std": 0.001326649916142161, "std_err": 0.0006633249580710806, "raw": [0.535, 0.531, 0.533, 0.532, 0.533]}, "brier_score": {"mean": 0.9299385068052789, "std": 0.0016727519017364536, "std_err": 0.0008363759508682268, "raw": [0.9271475, 0.9313449716580046, 0.9305694444488888, 0.9316458333333334, 0.9289847845861677]}}, "noise_pct_100": {"accuracy": {"mean": 0.5, "std": 0.0, "std_err": 0.0, "raw": [0.5, 0.5, 0.5, 0.5, 0.5]}, "brier_score": {"mean": 0.9996877692731474, "std": 0.000624461453705205, "std_err": 0.0003122307268526025, "raw": [1.0, 1.0, 0.998438846365737, 1.0, 1.0]}}}