{"noise_pct_0": {"structured_test_accuracy": {"mean": 0.9788, "std": 0.006462197768561411, "std_err": 0.0032310988842807055, "raw": [0.985, 0.982, 0.985, 0.971, 0.971]}, "unstructured_test_accuracy": {"mean": 0.978, "std": 0.0062289646009589805, "std_err": 0.00311448230047949, "raw": [0.984, 0.981, 0.984, 0.971, 0.97]}, "unstructured_test_brier_score": {"mean": 0.044944943050510236, "std": 0.0085131235103687, "std_err": 0.00425656175518435, "raw": [0.036960179017756375, 0.036568713599390124, 0.04202438339249394, 0.05046080334717853, 0.05871063589573223]}, "interpretability": {"num_predicates": {"mean": 72305.2, "std": 1497.829816768247, "std_err": 748.9149083841235, "raw": [70934, 72880, 70248, 73139, 74325]}, "num_rules": {"mean": 4702.8, "std": 153.0273178226685, "std_err": 76.51365891133425, "raw": [4594, 4674, 4493, 4871, 4882]}}, "learning_time": {"mean": 2.437104415893555, "std": 0.05575585415514229, "std_err": 0.027877927077571144, "raw": [2.5388035774230957, 2.455237865447998, 2.3897898197174072, 2.402247667312622, 2.3994431495666504]}}}