{"noise_pct_10": {"accuracy": {"mean": 0.829, "std": 0.0, "std_err": 0.0, "raw": [0.829, 0.829, 0.829, 0.829, 0.829, 0.829, 0.829, 0.829, 0.829, 0.829]}}, "noise_pct_20": {"accuracy": {"mean": 0.7889999999999999, "std": 1.1102230246251565e-16, "std_err": 3.510833468576701e-17, "raw": [0.789, 0.789, 0.789, 0.789, 0.789, 0.789, 0.789, 0.789, 0.789, 0.789]}}, "noise_pct_30": {"accuracy": {"mean": 0.7430000000000001, "std": 1.1102230246251565e-16, "std_err": 3.510833468576701e-17, "raw": [0.743, 0.743, 0.743, 0.743, 0.743, 0.743, 0.743, 0.743, 0.743, 0.743]}}, "noise_pct_40": {"accuracy": {"mean": 0.7, "std": 0.0, "std_err": 0.0, "raw": [0.7, 0.7, 0.7, 0.7, 0.7, 0.7, 0.7, 0.7, 0.7, 0.7]}}, "noise_pct_50": {"accuracy": {"mean": 0.67, "std": 0.0, "std_err": 0.0, "raw": [0.67, 0.67, 0.67, 0.67, 0.67, 0.67, 0.67, 0.67, 0.67, 0.67]}}, "noise_pct_60": {"accuracy": {"mean": 0.627, "std": 0.016000000000000014, "std_err": 0.005059644256269411, "raw": [0.595, 0.595, 0.635, 0.635, 0.635, 0.635, 0.635, 0.635, 0.635, 0.635]}}, "noise_pct_70": {"accuracy": {"mean": 0.5882000000000001, "std": 0.023378622713923925, "std_err": 0.007392969633374667, "raw": [0.599, 0.525, 0.565, 0.599, 0.599, 0.599, 0.599, 0.599, 0.599, 0.599]}}, "noise_pct_80": {"accuracy": {"mean": 0.5398000000000002, "std": 0.017191858538273267, "std_err": 0.005436543019235656, "raw": [0.538, 0.565, 0.538, 0.538, 0.541, 0.565, 0.512, 0.551, 0.512, 0.538]}}, "noise_pct_90": {"accuracy": {"mean": 0.5037, "std": 0.0011000000000000012, "std_err": 0.0003478505426185221, "raw": [0.503, 0.506, 0.503, 0.505, 0.503, 0.503, 0.503, 0.505, 0.503, 0.503]}}, "noise_pct_100": {"accuracy": {"mean": 0.5, "std": 0.0, "std_err": 0.0, "raw": [0.5, 0.5, 0.5, 0.5, 0.5, 0.5, 0.5, 0.5, 0.5, 0.5]}}}