{"noise_pct_10": {"accuracy": {"mean": 1.0, "std": 0.0, "std_err": 0.0, "raw": [1.0, 1.0, 1.0, 1.0, 1.0, 1.0, 1.0, 1.0, 1.0, 1.0]}}, "noise_pct_20": {"accuracy": {"mean": 1.0, "std": 0.0, "std_err": 0.0, "raw": [1.0, 1.0, 1.0, 1.0, 1.0, 1.0, 1.0, 1.0, 1.0, 1.0]}}, "noise_pct_30": {"accuracy": {"mean": 1.0, "std": 0.0, "std_err": 0.0, "raw": [1.0, 1.0, 1.0, 1.0, 1.0, 1.0, 1.0, 1.0, 1.0, 1.0]}}, "noise_pct_40": {"accuracy": {"mean": 1.0, "std": 0.0, "std_err": 0.0, "raw": [1.0, 1.0, 1.0, 1.0, 1.0, 1.0, 1.0, 1.0, 1.0, 1.0]}}, "noise_pct_50": {"accuracy": {"mean": 1.0, "std": 0.0, "std_err": 0.0, "raw": [1.0, 1.0, 1.0, 1.0, 1.0, 1.0, 1.0, 1.0, 1.0, 1.0]}}, "noise_pct_60": {"accuracy": {"mean": 1.0, "std": 0.0, "std_err": 0.0, "raw": [1.0, 1.0, 1.0, 1.0, 1.0, 1.0, 1.0, 1.0, 1.0, 1.0]}}, "noise_pct_70": {"accuracy": {"mean": 1.0, "std": 0.0, "std_err": 0.0, "raw": [1.0, 1.0, 1.0, 1.0, 1.0, 1.0, 1.0, 1.0, 1.0, 1.0]}}, "noise_pct_80": {"accuracy": {"mean": 0.9545999999999999, "std": 0.1362, "std_err": 0.04307022173149332, "raw": [1.0, 1.0, 0.546, 1.0, 1.0, 1.0, 1.0, 1.0, 1.0, 1.0]}}, "noise_pct_90": {"accuracy": {"mean": 0.6092000000000001, "std": 0.196210499209395, "std_err": 0.06204720783403553, "raw": [0.5, 0.5, 0.546, 0.546, 1.0, 0.5, 0.5, 0.5, 0.5, 1.0]}}, "noise_pct_100": {"accuracy": {"mean": 0.5138, "std": 0.021079848196796883, "std_err": 0.006666033303247147, "raw": [0.5, 0.5, 0.546, 0.546, 0.546, 0.5, 0.5, 0.5, 0.5, 0.5]}}}