{"noise_pct_10": {"structured_test_accuracy": {"mean": 0.8938, "std": 0.029687707894008958, "std_err": 0.014843853947004475, "raw": [0.892, 0.837, 0.911, 0.911, 0.918]}, "unstructured_test_accuracy": {"mean": 0.8671999999999999, "std": 0.02727196362567245, "std_err": 0.013635981812836226, "raw": [0.871, 0.814, 0.88, 0.881, 0.89]}, "unstructured_test_brier_score": {"mean": 0.2656, "std": 0.05454392725134486, "std_err": 0.027271963625672427, "raw": [0.258, 0.372, 0.24, 0.238, 0.22]}, "interpretability": {"num_predicates": {"mean": 63205.6, "std": 4655.578400156096, "std_err": 2327.789200078048, "raw": [59430, 56901, 66297, 63507, 69893]}, "num_rules": {"mean": 4081.6, "std": 225.79069954274024, "std_err": 112.89534977137012, "raw": [3911, 3785, 4163, 4106, 4443]}}, "learning_time": {"mean": 300.27268996238706, "std": 33.01608502119356, "std_err": 16.50804251059678, "raw": [270.5108516216278, 267.6544282436371, 332.3223464488983, 347.16678619384766, 283.70903730392456]}}, "noise_pct_20": {"structured_test_accuracy": {"mean": 0.8815999999999999, "std": 0.03563481443756936, "std_err": 0.01781740721878468, "raw": [0.824, 0.86, 0.895, 0.925, 0.904]}, "unstructured_test_accuracy": {"mean": 0.8362, "std": 0.03019536388255653, "std_err": 0.015097681941278265, "raw": [0.786, 0.819, 0.847, 0.868, 0.861]}, "unstructured_test_brier_score": {"mean": 0.3276, "std": 0.06039072776511307, "std_err": 0.030195363882556534, "raw": [0.428, 0.362, 0.306, 0.264, 0.278]}, "interpretability": {"num_predicates": {"mean": 65205.4, "std": 3845.3131263916594, "std_err": 1922.6565631958294, "raw": [62004, 60589, 67513, 64654, 71267]}, "num_rules": {"mean": 4067.6, "std": 301.072482967142, "std_err": 150.536241483571, "raw": [3651, 3807, 4134, 4271, 4475]}}, "learning_time": {"mean": 308.04264822006223, "std": 51.43983430032533, "std_err": 25.719917150162665, "raw": [402.72982811927795, 318.07392501831055, 265.8214101791382, 262.1582932472229, 291.4297845363617]}}, "noise_pct_30": {"structured_test_accuracy": {"mean": 0.9084, "std": 0.0375425092395274, "std_err": 0.018771254619763703, "raw": [0.911, 0.841, 0.915, 0.918, 0.957]}, "unstructured_test_accuracy": {"mean": 0.8240000000000001, "std": 0.02240535650240806, "std_err": 0.01120267825120403, "raw": [0.83, 0.786, 0.817, 0.833, 0.854]}, "unstructured_test_brier_score": {"mean": 0.352, "std": 0.04481071300481616, "std_err": 0.022405356502408078, "raw": [0.34, 0.428, 0.366, 0.334, 0.292]}, "interpretability": {"num_predicates": {"mean": 63228.2, "std": 4379.171994795363, "std_err": 2189.5859973976812, "raw": [58248, 58374, 69690, 64717, 65112]}, "num_rules": {"mean": 4027.8, "std": 218.4979633772361, "std_err": 109.24898168861803, "raw": [3707, 3913, 4011, 4154, 4354]}}, "learning_time": {"mean": 318.4310115814209, "std": 40.60148873986196, "std_err": 20.30074436993098, "raw": [356.66475915908813, 339.36975717544556, 263.20234632492065, 275.9364399909973, 356.98175525665283]}}, "noise_pct_40": {"structured_test_accuracy": {"mean": 0.8545999999999999, "std": 0.01473227748856233, "std_err": 0.007366138744281165, "raw": [0.864, 0.841, 0.854, 0.837, 0.877]}, "unstructured_test_accuracy": {"mean": 0.7630000000000001, "std": 0.00669328021227261, "std_err": 0.003346640106136305, "raw": [0.77, 0.754, 0.769, 0.756, 0.766]}, "unstructured_test_brier_score": {"mean": 0.47400000000000003, "std": 0.013386560424545193, "std_err": 0.0066932802122725964, "raw": [0.46, 0.492, 0.462, 0.488, 0.468]}, "interpretability": {"num_predicates": {"mean": 66365.2, "std": 4317.5018888241375, "std_err": 2158.750944412069, "raw": [61815, 62395, 73186, 65121, 69309]}, "num_rules": {"mean": 4221.0, "std": 397.0042820927754, "std_err": 198.5021410463877, "raw": [3594, 3949, 4525, 4358, 4679]}}, "learning_time": {"mean": 284.50581126213075, "std": 34.819042545411065, "std_err": 17.409521272705533, "raw": [249.70414757728577, 272.27555751800537, 300.957279920578, 344.3092975616455, 255.28277373313904]}}, "noise_pct_50": {"structured_test_accuracy": {"mean": 0.808, "std": 0.039854736230465745, "std_err": 0.019927368115232873, "raw": [0.845, 0.786, 0.854, 0.81, 0.745]}, "unstructured_test_accuracy": {"mean": 0.7183999999999999, "std": 0.028548905408088753, "std_err": 0.014274452704044378, "raw": [0.746, 0.707, 0.749, 0.719, 0.671]}, "unstructured_test_brier_score": {"mean": 0.5631999999999999, "std": 0.05709781081617754, "std_err": 0.028548905408088767, "raw": [0.508, 0.586, 0.502, 0.562, 0.658]}, "interpretability": {"num_predicates": {"mean": 57081.6, "std": 5528.089022438043, "std_err": 2764.0445112190214, "raw": [46862, 59627, 63119, 56470, 59330]}, "num_rules": {"mean": 3774.0, "std": 250.2510739237696, "std_err": 125.12553696188479, "raw": [3275, 3933, 3896, 3873, 3893]}}, "learning_time": {"mean": 337.3666093349457, "std": 63.371306307195795, "std_err": 31.685653153597894, "raw": [266.2861542701721, 286.65259552001953, 387.25061225891113, 312.57112741470337, 434.07255721092224]}}, "noise_pct_60": {"structured_test_accuracy": {"mean": 0.7667999999999999, "std": 0.04360458691468134, "std_err": 0.021802293457340666, "raw": [0.815, 0.736, 0.824, 0.739, 0.72]}, "unstructured_test_accuracy": {"mean": 0.6856, "std": 0.026567649500849687, "std_err": 0.013283824750424843, "raw": [0.708, 0.679, 0.724, 0.663, 0.654]}, "unstructured_test_brier_score": {"mean": 0.6288, "std": 0.05313529900169941, "std_err": 0.026567649500849704, "raw": [0.584, 0.642, 0.552, 0.674, 0.692]}, "interpretability": {"num_predicates": {"mean": 55402.8, "std": 8428.490336946468, "std_err": 4214.245168473233, "raw": [41311, 52929, 67134, 58592, 57048]}, "num_rules": {"mean": 3736.6, "std": 437.29010965261955, "std_err": 218.64505482630975, "raw": [2949, 3643, 4239, 3964, 3888]}}, "learning_time": {"mean": 542.5886927604676, "std": 86.12745787187752, "std_err": 43.06372893593876, "raw": [459.57849764823914, 438.3826105594635, 558.6784212589264, 581.0400381088257, 675.2638962268829]}}, "noise_pct_70": {"structured_test_accuracy": {"mean": 0.7104, "std": 0.032854832216890104, "std_err": 0.016427416108445052, "raw": [0.743, 0.706, 0.746, 0.701, 0.656]}, "unstructured_test_accuracy": {"mean": 0.6602, "std": 0.02287706274852611, "std_err": 0.011438531374263055, "raw": [0.682, 0.666, 0.678, 0.657, 0.618]}, "unstructured_test_brier_score": {"mean": 0.6796, "std": 0.04575412549705218, "std_err": 0.022877062748526085, "raw": [0.636, 0.668, 0.644, 0.686, 0.764]}, "interpretability": {"num_predicates": {"mean": 41955.0, "std": 7120.97886529654, "std_err": 3560.48943264827, "raw": [38414, 35315, 54468, 45126, 36452]}, "num_rules": {"mean": 2977.0, "std": 400.6998876965153, "std_err": 200.34994384825765, "raw": [2739, 2614, 3695, 3133, 2704]}}, "learning_time": {"mean": 285.51716313362124, "std": 71.18898056034377, "std_err": 35.594490280171875, "raw": [418.0859344005585, 215.33320474624634, 233.18204426765442, 285.47352051734924, 275.5111117362976]}}, "noise_pct_80": {"structured_test_accuracy": {"mean": 0.6744, "std": 0.031155095891362602, "std_err": 0.015577547945681301, "raw": [0.71, 0.676, 0.702, 0.661, 0.623]}, "unstructured_test_accuracy": {"mean": 0.6358, "std": 0.028385911998736302, "std_err": 0.014192955999368151, "raw": [0.663, 0.645, 0.665, 0.613, 0.593]}, "unstructured_test_brier_score": {"mean": 0.7283999999999999, "std": 0.05677182399747252, "std_err": 0.02838591199873626, "raw": [0.674, 0.71, 0.67, 0.774, 0.814]}, "interpretability": {"num_predicates": {"mean": 32626.8, "std": 6585.4753632520715, "std_err": 3292.7376816260353, "raw": [28824, 27939, 45183, 33285, 27903]}, "num_rules": {"mean": 2393.6, "std": 402.5218503385872, "std_err": 201.26092516929359, "raw": [2173, 2129, 3168, 2407, 2091]}}, "learning_time": {"mean": 249.91720237731934, "std": 30.153409488408403, "std_err": 15.076704744204202, "raw": [213.01798629760742, 244.11329221725464, 285.09890484809875, 284.3769769668579, 222.97885155677795]}}, "noise_pct_90": {"structured_test_accuracy": {"mean": 0.6517999999999999,