{"noise_pct_0": {"structured_test_accuracy": {"mean": 0.9564, "std": 0.015460918472070165, "std_err": 0.0077304592360350815, "raw": [0.942, 0.98, 0.956, 0.938, 0.966]}, "unstructured_test_accuracy": {"mean": 0.9559999999999998, "std": 0.01523154621172783, "std_err": 0.007615773105863916, "raw": [0.941, 0.979, 0.957, 0.938, 0.965]}, "unstructured_test_brier_score": {"mean": 0.088, "std": 0.030463092423455632, "std_err": 0.015231546211727816, "raw": [0.118, 0.042, 0.086, 0.124, 0.07]}, "interpretability": {"num_predicates": {"mean": 58887.0, "std": 2289.497674163483, "std_err": 1144.7488370817416, "raw": [56277, 56592, 60027, 62464, 59075]}, "num_rules": {"mean": 3874.0, "std": 174.18151451861934, "std_err": 87.09075725930967, "raw": [3731, 3681, 3973, 4160, 3825]}}, "learning_time": {"mean": 351.24134855270387, "std": 37.423918204113185, "std_err": 18.711959102056596, "raw": [377.03574872016907, 345.38460779190063, 282.72890734672546, 360.8763256072998, 390.1811532974243]}}}